player,cat 2,challenge
Assembly and testing,Customer Demand Challenges,Weaker demand in consumer electronics and computing markets decreases sales and revenue.
Assembly and testing,Customer Demand Challenges,Revenue concentration in a small group of customers risks significant financial impact from loss or order reduction.
Assembly and testing,Customer Demand Challenges,Dependency on limited customers makes business vulnerable to competitive products or market conditions.
Assembly and testing,Customer Demand Challenges,"Industry revenue significantly dependent on key customers, risking volatility from demand decrease."
Assembly and testing,Customer Demand Challenges,High quality and reliability requirements in data storage and memory markets challenge manufacturers.
Assembly and testing,Customer Demand Challenges,Managing inventory levels in response to volatile end-user demand poses risks of excess inventory.
Assembly and testing,Customer Demand Challenges,Increased demand for high-reliability automotive sensor technologies raises production test and burn-in requirements.
Assembly and testing,Customer Demand Challenges,Lack of contractually committed customer demand complicates forecasting capacity utilization and net sales.
Assembly and testing,Customer Demand Challenges,Decrease in customer tool utilization may lead to reduced demand for products.
Assembly and testing,Customer Demand Challenges,"Risk of underestimating product durability and reliability, leading to inadequate accrued warranty costs."
Capital Equipment,Customer Demand Challenges,Variability in demand complicates planning and forecasting for semiconductor companies.
Capital Equipment,Customer Demand Challenges,Customers' lack of long-term commitments can lead to revenue and operational planning impacts.
Capital Equipment,Customer Demand Challenges,Reliance on a few large customers for substantial revenue poses significant risks.
Capital Equipment,Customer Demand Challenges,Challenges in accurately forecasting customer demand affect inventory management.
Capital Equipment,Customer Demand Challenges,Inventory obsolescence and liabilities to suppliers from inaccurate demand forecasting.
Capital Equipment,Customer Demand Challenges,Quality control issues can lead to loss of customers and reputational damage.
Capital Equipment,Customer Demand Challenges,Seasonal trends impact demand for semiconductor manufacturing equipment.
Capital Equipment,Customer Demand Challenges,Shifts in consumer and business demand for chip-incorporating products affect the industry.
Capital Equipment,Customer Demand Challenges,Rapid changes in technology and consumer preferences make demand forecasting difficult.
Capital Equipment,Customer Demand Challenges,"Cyclicality and significant demand fluctuations impact production, sales, and operational efficiency."
Chemical and Gases,Customer Demand Challenges,"Difficulty in accurately estimating market demand, risking over or under-investment in inventory."
Chemical and Gases,Customer Demand Challenges,"Challenges in maintaining high product quality, impacting market share and customer trust."
Chemical and Gases,Customer Demand Challenges,"Uncertainties in orders and shipments, with potential for significant reductions or cancellations."
Chemical and Gases,Customer Demand Challenges,"High dependency on a few customers, making loss of a major customer impactful."
Chemical and Gases,Customer Demand Challenges,"Risk of customer concentration, where loss of major customers can adversely affect operations."
Chemical and Gases,Customer Demand Challenges,Need for continuous innovation and collaboration to meet evolving customer needs.
Chemical and Gases,Customer Demand Challenges,"Complex manufacturing process susceptible to errors, affecting financial and reputational standing."
Chemical and Gases,Customer Demand Challenges,"Dependency on a limited number of customers and distributors, risking operating results."
Chemical and Gases,Customer Demand Challenges,"Requirement to meet specific quality, performance, and reliability standards in manufacturing."
Chemical and Gases,Customer Demand Challenges,Importance of maintaining and enhancing brand value to ensure customer confidence and demand.
Electronic design automation tools,Customer Demand Challenges,Maintaining high-quality support in semiconductor services.
Electronic design automation tools,Customer Demand Challenges,Effectively addressing customers' support needs.
Electronic design automation tools,Customer Demand Challenges,Managing international operations with language barriers.
Electronic design automation tools,Customer Demand Challenges,Reliance on a limited number of customers for revenue.
Electronic design automation tools,Customer Demand Challenges,Risk of significant revenue loss from customer defaults or decreased business.
Electronic design automation tools,Customer Demand Challenges,"Volatility in semiconductor demand due to technological, economic, and consumer preference changes."
Electronic design automation tools,Customer Demand Challenges,Difficulty in accurately forecasting semiconductor demand.
Electronic design automation tools,Customer Demand Challenges,Potential for overproduction or shortages in semiconductors.
Electronic design automation tools,Customer Demand Challenges,"High customer concentration risk, with significant revenue from a single customer."
Electronic design automation tools,Customer Demand Challenges,Risk of major customers reducing purchases or switching to competitors.
Fabless,Customer Demand Challenges,Managing inventory levels in line with market demand.
Fabless,Customer Demand Challenges,Developing product strategies that meet target customer demands.
Fabless,Customer Demand Challenges,Dependence on a limited number of customers for significant revenue.
Fabless,Customer Demand Challenges,Fluctuations in demand and seasonality affecting quarterly revenue and results.
Fabless,Customer Demand Challenges,Customers requiring lengthy and expensive qualification processes without guaranteed sales.
Fabless,Customer Demand Challenges,Maintaining high product quality to avoid recalls and reputational damage.
Fabless,Customer Demand Challenges,Incorrect demand forecasts leading to excess or insufficient inventory.
Fabless,Customer Demand Challenges,Dependence on consumer electronics markets influenced by economic conditions.
Fabless,Customer Demand Challenges,The stage in the product life cycle affecting revenue fluctuations.
Fabless,Customer Demand Challenges,Relying on external vendors for assembly and testing risks quality standards.
Foundaries,Customer Demand Challenges,Risk of accumulating obsolete inventory due to overestimation of demand.
Foundaries,Customer Demand Challenges,Financial impact from excess inventory when demand forecasts are inaccurate.
Foundaries,Customer Demand Challenges,Supply shortages resulting from underestimating demand.
Foundaries,Customer Demand Challenges,Negative impact on financial conditions from misaligned demand forecasts.
Foundaries,Customer Demand Challenges,Damage to customer relationships due to supply shortages or excess inventory.
Foundaries,Customer Demand Challenges,Challenges in accurately forecasting demand in the semiconductor industry.
Foundaries,Customer Demand Challenges,Potential for lost revenue from customers canceling or changing orders.
Foundaries,Customer Demand Challenges,Operational challenges from misalignment between forecasted and actual demand.
Foundaries,Customer Demand Challenges,Risk of delayed production leading to supply shortages.
Foundaries,Customer Demand Challenges,Financial and operational challenges from inaccurate demand forecasts.
IDM,Customer Demand Challenges,Forecasting market demand accurately for semiconductor production.
IDM,Customer Demand Challenges,Aligning production capabilities with future market needs.
IDM,Customer Demand Challenges,Managing the risk of underutilization or overcapacity.
IDM,Customer Demand Challenges,Balancing manufacturing production with customer demand and inventory levels.
IDM,Customer Demand Challenges,Handling increased inventory holding costs due to overproduction.
IDM,Customer Demand Challenges,Addressing lost sales opportunities due to underproduction.
IDM,Customer Demand Challenges,Adapting to fluctuations in consumer demand for semiconductor-containing items.
IDM,Customer Demand Challenges,"Navigating the impact of consumer preferences, economic conditions, or technological advancements on demand."
IDM,Customer Demand Challenges,Dealing with the cyclical nature of the semiconductor market and rapid demand fluctuations.
IDM,Customer Demand Challenges,Managing production planning and inventory in response to variable market trends and consumer preferences.
Intellectual property,Customer Demand Challenges,"Weak demand periods lead to reduced purchases and canceled orders, affecting business operations."
Intellectual property,Customer Demand Challenges,Changes in product demand and life cycles can result in obsolete or excess inventories.
Intellectual property,Customer Demand Challenges,Delivering defect-free products is critical; failure affects reputation and competitive position.
Intellectual property,Customer Demand Challenges,Inaccurate demand estimation or order cancellations can lead to financial losses.
Intellectual property,Customer Demand Challenges,Reliance on a limited number of customers for significant revenue poses risks.
Intellectual property,Customer Demand Challenges,Lengthy and expensive product qualification processes by customers do not guarantee sales.
Intellectual property,Customer Demand Challenges,Volatile customer demand in the semiconductor industry makes future sales and profitability unpredictable.
Intellectual property,Customer Demand Challenges,Fluctuating market demand impacts production planning and inventory management.
Intellectual property,Customer Demand Challenges,Defective products impose significant costs and can harm reputation and revenue.
Intellectual property,Customer Demand Challenges,The semiconductor manufacturing ecosystem faces challenges in accurately forecasting demand.
Assembly and testing,Geopolitical Challenges,Conflicts and political instability disrupting operations and supply chains.
Assembly and testing,Geopolitical Challenges,"Geopolitical instability in critical locations impacting operations, sales, and profitability."
Assembly and testing,Geopolitical Challenges,Trade regulations and restrictions concerning China limiting business operations.
Assembly and testing,Geopolitical Challenges,Challenges in expanding or relocating operations outside mainland China.
Assembly and testing,Geopolitical Challenges,Risks from reliance on overseas manufacturing operations.
Assembly and testing,Geopolitical Challenges,Geopolitical risks including instability caused by terrorist attacks.
Assembly and testing,Geopolitical Challenges,"Risks from changes in trade relations, tariffs, and political instability."
Assembly and testing,Geopolitical Challenges,"Impact of changes in trade policies, tariffs, and international agreements."
Assembly and testing,Geopolitical Challenges,Specific risks due to potential adverse changes in Chinese conditions.
Assembly and testing,Geopolitical Challenges,"Exposure to risks from economic downturns, trade balance issues, and instability in key markets."
Capital Equipment,Geopolitical Challenges,Tariffs and export regulations reducing competitiveness in key markets like China.
Capital Equipment,Geopolitical Challenges,Regulatory retaliation by Chinese government impacting business operations.
Capital Equipment,Geopolitical Challenges,Trade policy shifts limiting demand and increasing costs of semiconductor tools.
Capital Equipment,Geopolitical Challenges,"Geopolitical tensions disrupting operations, supply chains, and market access."
Capital Equipment,Geopolitical Challenges,Government actions favoring local businesses over foreign ones.
Capital Equipment,Geopolitical Challenges,Export license requirements and regulatory changes limiting market access.
Capital Equipment,Geopolitical Challenges,Political instability or geopolitical tensions affecting operational ability and costs.
Capital Equipment,Geopolitical Challenges,Dependence on sales from limited regions increasing exposure to local challenges.
Capital Equipment,Geopolitical Challenges,U.S. export controls impacting the ability to ship to significant customers in China.
Capital Equipment,Geopolitical Challenges,International trade disputes and protectionist measures reducing product competitiveness.
Chemical and Gases,Geopolitical Challenges,Adverse tax consequences in China affecting financial health and operational efficiency.
Chemical and Gases,Geopolitical Challenges,Enhanced trade tariffs and restrictions limiting market access and increasing costs.
Chemical and Gases,Geopolitical Challenges,Trade wars impacting competitiveness by affecting cost of raw materials and exports.
Chemical and Gases,Geopolitical Challenges,"Risks from significant international sales, including political and economic instability."
Chemical and Gases,Geopolitical Challenges,Geopolitical tensions disrupting the global semiconductor supply chain.
Chemical and Gases,Geopolitical Challenges,Legal and operational risks from PRC government intervention in corporate operations.
Chemical and Gases,Geopolitical Challenges,Geopolitical tensions and trade wars blocking new joint ventures and raw material supplies.
Chemical and Gases,Geopolitical Challenges,Fluctuations in currency and changes in regulatory conditions affecting operating results.
Chemical and Gases,Geopolitical Challenges,"Supply chain disruptions from geopolitical tensions, trade policies, and logistics issues."
Chemical and Gases,Geopolitical Challenges,Vulnerability to global conflicts affecting availability of raw materials.
Electronic design automation tools,Geopolitical Challenges,Tariffs and trade barriers increase costs and disrupt semiconductor supply chains.
Electronic design automation tools,Geopolitical Challenges,Geopolitical tensions restrict access to materials and increase operational costs.
Electronic design automation tools,Geopolitical Challenges,Cybersecurity attacks from territorial invasions impact semiconductor companies globally.
Electronic design automation tools,Geopolitical Challenges,Global operations expose semiconductor companies to fluctuating currency rates and regulatory differences.
Electronic design automation tools,Geopolitical Challenges,"U.S. export controls and sanctions, especially against China, Russia, and Belarus, create market uncertainty."
Electronic design automation tools,Geopolitical Challenges,"Conflicts (e.g., Taiwan, Ukraine, Israel and Hamas) disrupt global supply chains and financial markets."
Electronic design automation tools,Geopolitical Challenges,U.S.-China trade tensions lead Chinese companies to prefer local semiconductor vendors.
Electronic design automation tools,Geopolitical Challenges,Broad U.S. sanctions on countries like Russia and Belarus deter customer purchasing activity.
Electronic design automation tools,Geopolitical Challenges,"Strategic competition in semiconductor, AI, and 5G technologies complicates operations."
Electronic design automation tools,Geopolitical Challenges,Geopolitical and regulatory changes negatively impact international sales and market access.
Fabless,Geopolitical Challenges,Government actions limiting export capabilities to certain customers.
Fabless,Geopolitical Challenges,Tariffs and trade policies reducing demand and competitiveness.
Fabless,Geopolitical Challenges,Trade restrictions increasing costs of materials and products.
Fabless,Geopolitical Challenges,Expanded trade restrictions limiting sales to specific companies or countries.
Fabless,Geopolitical Challenges,Economic instability and trade barriers disrupting supply chains.
Fabless,Geopolitical Challenges,Political or economic instability in target markets affecting demand.
Fabless,Geopolitical Challenges,Tensions between countries disrupting supply chains or leading to trade restrictions.
Fabless,Geopolitical Challenges,China's currency exchange control impacting fund transfers outside China.
Fabless,Geopolitical Challenges,Dependence on international operations introducing geopolitical and currency fluctuation risks.
Fabless,Geopolitical Challenges,U.S./China trade and national security tensions affecting operations and market position.
Foundaries,Geopolitical Challenges,Increased costs due to changes in trade policies and tariffs.
Foundaries,Geopolitical Challenges,"Limited availability of essential materials, tools, and maintenance parts."
Foundaries,Geopolitical Challenges,Impact on competitive position due to trade policy changes.
Foundaries,Geopolitical Challenges,Negative effects on financial condition from increased costs or limited availability of resources.
Foundaries,Geopolitical Challenges,Dependence on semiconductors made in Taiwan.
Foundaries,Geopolitical Challenges,Risk of supply chain disruptions from geopolitical tensions between China and Taiwan.
Foundaries,Geopolitical Challenges,Worsening geopolitical situation affecting procurement of essential semiconductors.
Foundaries,Geopolitical Challenges,Reliance on a single region for critical components increases vulnerability.
Foundaries,Geopolitical Challenges,Potential inability to secure necessary semiconductors for operations.
Foundaries,Geopolitical Challenges,Geopolitical risks impacting the overall semiconductor manufacturing ecosystem.
IDM,Geopolitical Challenges,Restrictions on foreign investment in semiconductor businesses.
IDM,Geopolitical Challenges,Changes in export and import regulations impacting operations.
IDM,Geopolitical Challenges,"Tariffs, export controls, and trade restrictions from geopolitical tensions."
IDM,Geopolitical Challenges,Global hostilities disrupting supply chains and impacting material availability.
IDM,Geopolitical Challenges,Exposure to foreign political and economic risks in key regions.
IDM,Geopolitical Challenges,Trade restrictions and political instability affecting international market operations.
IDM,Geopolitical Challenges,Impact of global legislative and policy changes on manufacturing costs.
IDM,Geopolitical Challenges,Supply chain disruptions from national security protections and trade restrictions.
IDM,Geopolitical Challenges,Foreign currency risk due to international operations affecting financial results.
IDM,Geopolitical Challenges,Geopolitical tensions limiting access to essential rare earth elements and minerals.
Intellectual property,Geopolitical Challenges,Geopolitical instability affecting market stability and operations.
Intellectual property,Geopolitical Challenges,"Regulatory, operational, and geopolitical risks in China impacting financial performance."
Intellectual property,Geopolitical Challenges,Political and economic instability in Asia affecting manufacturing and supply chains.
Intellectual property,Geopolitical Challenges,Trade restrictions and tariffs between China and the US impacting revenue.
Intellectual property,Geopolitical Challenges,Global economic conditions adversely affecting demand for semiconductor products.
Intellectual property,Geopolitical Challenges,Intellectual property protection issues and market-specific risks in China.
Intellectual property,Geopolitical Challenges,Increased operating expenses and revenue disruptions from international operations.
Intellectual property,Geopolitical Challenges,"Supply chain disruptions due to geopolitical changes, especially in Taiwan."
Intellectual property,Geopolitical Challenges,Export sanctions and retaliatory legislation between the US and China affecting the ecosystem.
Intellectual property,Geopolitical Challenges,Natural disasters in the Pacific Rim region disrupting operations and supply chains.
Assembly and testing,Growth and Innovation Challenges,Developing new testing solutions for evolving silicon carbide-based systems.
Assembly and testing,Growth and Innovation Challenges,Meeting customer requirements for innovation and quality in new high technology products.
Assembly and testing,Growth and Innovation Challenges,Adapting to rapid technological advancements and customer needs with new products.
Assembly and testing,Growth and Innovation Challenges,Managing significant R&D costs and risks of obsolescence due to rapid technological change.
Assembly and testing,Growth and Innovation Challenges,Investing heavily in R&D to keep up with technological changes and advancements.
Assembly and testing,Growth and Innovation Challenges,Rapidly developing and marketing new products to match shorter semiconductor product life cycles.
Assembly and testing,Growth and Innovation Challenges,Managing risks of new product development and inventory write-offs due to rapid technological change.
Assembly and testing,Growth and Innovation Challenges,Meeting technology development schedules and adhering to delivery timelines.
Assembly and testing,Growth and Innovation Challenges,Developing or acquiring new technology products to stay competitive.
Assembly and testing,Growth and Innovation Challenges,Continuously improving and innovating new solutions to meet evolving semiconductor device sizes and customer needs.
Capital Equipment,Growth and Innovation Challenges,"Design, manufacturing, and testing complexities for advanced IC substrates."
Capital Equipment,Growth and Innovation Challenges,Need for continuous innovation due to rapid technological and market changes.
Capital Equipment,Growth and Innovation Challenges,Risk of technological or market obsolescence requiring constant adaptation.
Capital Equipment,Growth and Innovation Challenges,Delays or failures in product development impacting sales and market share.
Capital Equipment,Growth and Innovation Challenges,Challenges in gaining market acceptance for new products.
Capital Equipment,Growth and Innovation Challenges,Managing increased manufacturing process size and complexity cost-effectively.
Capital Equipment,Growth and Innovation Challenges,Frequent introduction of new products to keep pace with technological advancements.
Capital Equipment,Growth and Innovation Challenges,Risk of long-lived asset impairment due to market demand changes or technological advancements.
Capital Equipment,Growth and Innovation Challenges,Challenges with adopting mini-LEDs and transitioning to micro-LEDs for display technologies.
Capital Equipment,Growth and Innovation Challenges,Necessity to accurately forecast demand and manage resources amidst rapid market changes.
Chemical and Gases,Growth and Innovation Challenges,Inadequate manufacturing capacity limiting market demand fulfillment.
Chemical and Gases,Growth and Innovation Challenges,Complex processes and minor impurities reducing yields and profitability.
Chemical and Gases,Growth and Innovation Challenges,Technological changes rendering products obsolete or less desirable.
Chemical and Gases,Growth and Innovation Challenges,Substantial investments in plant and equipment risk becoming impaired.
Chemical and Gases,Growth and Innovation Challenges,"Difficulties in developing, engineering, or offering new product enhancements."
Chemical and Gases,Growth and Innovation Challenges,Integration challenges post-mergers and acquisitions.
Chemical and Gases,Growth and Innovation Challenges,Rapid technological changes requiring continuous product and enhancement development.
Chemical and Gases,Growth and Innovation Challenges,Failure to introduce new products and adapt to new technologies decreasing revenues.
Chemical and Gases,Growth and Innovation Challenges,Variability in manufacturing process impacting operational efficiency and profitability.
Chemical and Gases,Growth and Innovation Challenges,Risk of technological obsolescence necessitating regular asset and patent cost reviews.
Electronic design automation tools,Growth and Innovation Challenges,Necessity to continuously innovate to stay competitive.
Electronic design automation tools,Growth and Innovation Challenges,Adopting new technologies rapidly to avoid obsolescence.
Electronic design automation tools,Growth and Innovation Challenges,Loss of market share due to failure in keeping up with technological advancements.
Electronic design automation tools,Growth and Innovation Challenges,Requirement for continuous investment in research and development.
Electronic design automation tools,Growth and Innovation Challenges,Enhancing existing solutions alongside introducing new technologies.
Electronic design automation tools,Growth and Innovation Challenges,Risk of becoming irrelevant by not keeping pace with technological changes.
Electronic design automation tools,Growth and Innovation Challenges,Anticipating market demands to prevent obsolescence.
Electronic design automation tools,Growth and Innovation Challenges,Significant resource allocation to R&D without guaranteed returns.
Electronic design automation tools,Growth and Innovation Challenges,Adverse impacts on business and financial condition from failing to update technology.
Electronic design automation tools,Growth and Innovation Challenges,Competing with new entrants who adopt latest technologies faster.
Fabless,Growth and Innovation Challenges,Achieving manufacturing efficiencies and yield improvements in semiconductor production.
Fabless,Growth and Innovation Challenges,Integrating acquisitions to strengthen AI software capabilities for various processors and GPUs.
Fabless,Growth and Innovation Challenges,Developing new products and technologies in response to rapid technological change and market demands.
Fabless,Growth and Innovation Challenges,Timing of new product introductions to align with market demand.
Fabless,Growth and Innovation Challenges,Managing low manufacturing yields due to product design or foundry process technology failures.
Fabless,Growth and Innovation Challenges,Overcoming unpredictable development times and costs for products based on novel Gallium Nitride (GaN) technology.
Fabless,Growth and Innovation Challenges,Continuous development of technology and process innovations to maintain profit margins.
Fabless,Growth and Innovation Challenges,Navigating rapid technological changes and evolving industry standards that can render products obsolete.
Fabless,Growth and Innovation Challenges,Successfully executing a shift in business strategy towards a product-focused business.
Fabless,Growth and Innovation Challenges,Balancing significant investments in research and development with the risk of unsuccessful outcomes.
Foundaries,Growth and Innovation Challenges,Rapid technological changes risk product obsolescence and loss of market share.
Foundaries,Growth and Innovation Challenges,Minor manufacturing deviations can significantly decrease yields or halt production.
Foundaries,Growth and Innovation Challenges,Finite production capacity limits can result in lost customers and revenues.
Foundaries,Growth and Innovation Challenges,"Need for advanced packaging technologies like 2.5D, 3D, and SiP to meet market demand."
Foundaries,Growth and Innovation Challenges,Difficulty in commercializing new technologies or gaining market acceptance.
Foundaries,Growth and Innovation Challenges,Continuous innovation and significant R&D investment are necessary to stay competitive.
Foundaries,Growth and Innovation Challenges,Challenges in expanding into the radiation-hardened semiconductor market.
Foundaries,Growth and Innovation Challenges,Specialized manufacturing capabilities required for various industry-specific needs.
Foundaries,Growth and Innovation Challenges,"Significant unmet need for analog, mixed-signal semiconductors, and specialty ICs."
Foundaries,Growth and Innovation Challenges,Traditional foundries often don't commit resources to innovate beyond standard processes.
IDM,Growth and Innovation Challenges,"Managing strategic, business, and organizational changes effectively."
IDM,Growth and Innovation Challenges,Continuous investment in R&D for new and enhanced product development.
IDM,Growth and Innovation Challenges,Overcoming technological barriers in memory and storage technology innovation.
IDM,Growth and Innovation Challenges,Adapting to rapid technological changes with substantial R&D investment.
IDM,Growth and Innovation Challenges,Implementing sustainable corporate practices and achieving ESG goals.
IDM,Growth and Innovation Challenges,Transitioning to advanced semiconductor manufacturing technologies.
IDM,Growth and Innovation Challenges,Risks in new business strategies and market entry.
IDM,Growth and Innovation Challenges,Intense competition and the need for continuous product innovation.
IDM,Growth and Innovation Challenges,Increasing costs of R&D and advanced node technology capacity.
IDM,Growth and Innovation Challenges,Challenges in developing and scaling new manufacturing process technologies.
Intellectual property,Growth and Innovation Challenges,Rapid technological changes rendering existing semiconductor products obsolete.
Intellectual property,Growth and Innovation Challenges,High costs and complexity in designing and manufacturing advanced semiconductors.
Intellectual property,Growth and Innovation Challenges,Software defects in semiconductor manufacturing affecting performance and market acceptance.
Intellectual property,Growth and Innovation Challenges,Short life cycles of semiconductor products increasing production and development costs.
Intellectual property,Growth and Innovation Challenges,Challenges in integrating technologies and products after acquisitions.
Intellectual property,Growth and Innovation Challenges,Uncertainty in securing design wins or purchase commitments for new products.
Intellectual property,Growth and Innovation Challenges,Continuous need for innovation to meet rapidly evolving end-customer requirements.
Intellectual property,Growth and Innovation Challenges,"Difficulty in adapting to shifts in customer demand, technology trends, or industry standards."
Intellectual property,Growth and Innovation Challenges,Significant investment required in R&D to stay competitive and manage obsolescence risk.
Intellectual property,Growth and Innovation Challenges,Long development and adoption cycles for semiconductor products delaying revenue generation.
Assembly and testing,Market Competition Challenges,Intense competition in the semiconductor industry affecting market share and profitability.
Assembly and testing,Market Competition Challenges,Rapid technological changes necessitating continuous R&D investment to stay competitive.
Assembly and testing,Market Competition Challenges,Cyclical nature of the semiconductor industry leading to demand and inventory fluctuations.
Assembly and testing,Market Competition Challenges,Consolidation within the industry changing competitive landscapes and increasing pricing pressures.
Assembly and testing,Market Competition Challenges,High customer support requirements and tight deadlines impacting sales goals.
Assembly and testing,Market Competition Challenges,Difficulty in reducing costs while maintaining innovation and value to customers.
Assembly and testing,Market Competition Challenges,Risk of inventory obsolescence due to rapid technological advancements and changes in consumer demand.
Assembly and testing,Market Competition Challenges,Challenges in transitioning from product development to manufacturing with high after-sales support costs.
Assembly and testing,Market Competition Challenges,Global and industry-specific economic cycles affecting business operations and financial performance.
Assembly and testing,Market Competition Challenges,Intense competition in outsourced semiconductor packaging and test market requiring continuous investment in technology.
Capital Equipment,Market Competition Challenges,Balancing innovation costs with competitive pricing in semiconductor processing equipment.
Capital Equipment,Market Competition Challenges,High cost of switching equipment vendors limits market entry for superior systems.
Capital Equipment,Market Competition Challenges,Challenges in expanding sales into new markets like North America and Western Europe.
Capital Equipment,Market Competition Challenges,Semiconductor industry's order cancellations or rescheduling leading to costs and inventory issues.
Capital Equipment,Market Competition Challenges,Dependence on widespread market acceptance of manufacturing technologies for growth.
Capital Equipment,Market Competition Challenges,Substantial market concentration in mainland China poses operational and revenue growth risks.
Capital Equipment,Market Competition Challenges,A highly concentrated customer base risks significant financial impact from losing major customers.
Capital Equipment,Market Competition Challenges,Competition from entities with greater resources impacting sales and profitability.
Capital Equipment,Market Competition Challenges,Yield variability in semiconductor manufacturing affecting production costs and profitability.
Capital Equipment,Market Competition Challenges,Cyclical nature of the semiconductor industry affects demand for manufacturing equipment.
Chemical and Gases,Market Competition Challenges,Maintaining profitability amidst price pressures and competition from larger companies.
Chemical and Gases,Market Competition Challenges,Risk of defects in wafer products leading to increased manufacturing costs.
Chemical and Gases,Market Competition Challenges,Loss of tier one substrate customers significantly hurting operating results.
Chemical and Gases,Market Competition Challenges,Declining average selling prices reducing revenue and gross margins.
Chemical and Gases,Market Competition Challenges,"Cyclical nature leading to economic downturns, overcapacity, and excess inventory."
Chemical and Gases,Market Competition Challenges,Attracting and retaining tier one customers through successful R&D.
Chemical and Gases,Market Competition Challenges,Rapid fluctuations in demand for products causing variations in revenue.
Chemical and Gases,Market Competition Challenges,Increasing manufacturing complexities and significant capital requirements.
Chemical and Gases,Market Competition Challenges,Intense competition leading to decreased revenue and profitability.
Chemical and Gases,Market Competition Challenges,Risk of inventory obsolescence due to short product life cycles.
Electronic design automation tools,Market Competition Challenges,Sensitivity to global economic conditions affecting demand and profitability.
Electronic design automation tools,Market Competition Challenges,"Risk of customers developing their own solutions, leading to lost business."
Electronic design automation tools,Market Competition Challenges,"Dependence on a few customers for significant revenue, risking financial performance."
Electronic design automation tools,Market Competition Challenges,Global economic trends impacting investment and demand for semiconductor products.
Electronic design automation tools,Market Competition Challenges,Need to adapt to evolving data and analytics market and new competitors.
Electronic design automation tools,Market Competition Challenges,Highly competitive industry with rapid technology changes and pricing pressure.
Electronic design automation tools,Market Competition Challenges,Lengthy sales cycles with potential delays in revenue recognition.
Electronic design automation tools,Market Competition Challenges,Challenges in closing new engagements on favorable terms in a timely manner.
Electronic design automation tools,Market Competition Challenges,"Risks in pursuing strategic relationships and acquisitions, including integration difficulties."
Electronic design automation tools,Market Competition Challenges,"Potential failure to realize benefits of strategic efforts, adversely affecting financial outcomes."
Fabless,Market Competition Challenges,Maintaining a competitive edge in rapidly evolving semiconductor markets.
Fabless,Market Competition Challenges,High risk of order cancellations or reductions impacting financial results.
Fabless,Market Competition Challenges,Intense competition leading to pricing pressures and reduced profitability.
Fabless,Market Competition Challenges,Need for continuous innovation to prevent product obsolescence and price erosion.
Fabless,Market Competition Challenges,Challenges in achieving acceptable manufacturing yields and managing production costs.
Fabless,Market Competition Challenges,Dependence on third-party partnerships for technology development and intellectual property.
Fabless,Market Competition Challenges,Sensitivity to cyclical market patterns and potential downturns affecting demand.
Fabless,Market Competition Challenges,Risk of semiconductor product defects leading to warranty claims and lost market share.
Fabless,Market Competition Challenges,Difficulty in managing inventory levels to balance supply and demand fluctuations.
Fabless,Market Competition Challenges,Vulnerability to economic conditions and shifts in consumer or business spending.
Foundaries,Market Competition Challenges,High costs of semiconductor manufacturing necessitate a foundry business model.
Foundaries,Market Competition Challenges,"Outsourcing production challenges quality, innovation, and cost management."
Foundaries,Market Competition Challenges,Finite production capacities can lead to unmet customer demand.
Foundaries,Market Competition Challenges,Decreased demand for end-market devices impacts semiconductor needs.
Foundaries,Market Competition Challenges,"Lengthy, unpredictable sales cycles with no assurance of long-term contracts."
Foundaries,Market Competition Challenges,Industry cyclicality leads to significant downturns affecting operations and financial results.
Foundaries,Market Competition Challenges,Dependence on a few customers for significant sales poses financial risks.
Foundaries,Market Competition Challenges,"Competing successfully depends on factors outside direct control, like economic trends."
Foundaries,Market Competition Challenges,Fluctuating demand for manufacturing services and advanced technologies impacts revenue.
Foundaries,Market Competition Challenges,Lack of patents leaves Skywater Technology Inc. vulnerable to competition.
IDM,Market Competition Challenges,Matching process and assembly improvements of third-party foundries.
IDM,Market Competition Challenges,Pricing pressures from intense competition reducing sales and market share.
IDM,Market Competition Challenges,Risk of order cancellations or deferrals impacting production and financial performance.
IDM,Market Competition Challenges,Economic weakness in key markets like China decreasing demand.
IDM,Market Competition Challenges,Fluctuations in product prices driven by supply and demand dynamics.
IDM,Market Competition Challenges,Seasonality and wide fluctuations of supply and demand affecting financial performance.
IDM,Market Competition Challenges,Cyclical demand in industrial and automotive markets leading to overcapacity or shortages.
IDM,Market Competition Challenges,Continuous price erosion for products with older technology.
IDM,Market Competition Challenges,Intellectual property disputes leading to costly litigation.
IDM,Market Competition Challenges,"Significant, risky investments required for competitive foundry business."
Intellectual property,Market Competition Challenges,"Cyclical nature leading to fluctuations in demand, affecting revenue and profitability."
Intellectual property,Market Competition Challenges,Intense competition requiring continuous innovation and cost reduction to maintain market share.
Intellectual property,Market Competition Challenges,"Dependence on a few customers for significant revenue, risking operational stability."
Intellectual property,Market Competition Challenges,"Rapid technological changes making products quickly obsolete, necessitating constant R&D investment."
Intellectual property,Market Competition Challenges,Global economic conditions impacting demand for semiconductor products.
Intellectual property,Market Competition Challenges,Challenges in managing inventory due to rapid product life cycles and technological shifts.
Intellectual property,Market Competition Challenges,"Pressure to reduce average selling prices as products mature, impacting margins."
Intellectual property,Market Competition Challenges,Difficulty in securing and maintaining licensing revenue and favorable terms.
Intellectual property,Market Competition Challenges,"Reliance on third-party foundries and assembly capacity, limiting manufacturing flexibility."
Intellectual property,Market Competition Challenges,Market consolidation reducing opportunities for smaller companies and potentially stifling innovation.
Assembly and testing,Regulatory and Compliance Challenges,Protecting intellectual property in a rapidly evolving market.
Assembly and testing,Regulatory and Compliance Challenges,Compliance with environmental laws and regulations.
Assembly and testing,Regulatory and Compliance Challenges,Risk of cybersecurity breaches compromising operations or products.
Assembly and testing,Regulatory and Compliance Challenges,Risks associated with utilizing AI in product development.
Assembly and testing,Regulatory and Compliance Challenges,Navigating complex tax regulations across different jurisdictions.
Assembly and testing,Regulatory and Compliance Challenges,Export control regulations and trade barriers impacting operations.
Assembly and testing,Regulatory and Compliance Challenges,"Challenges in maintaining proprietary rights through patents, copyrights, and trademarks."
Assembly and testing,Regulatory and Compliance Challenges,Vulnerability to product liability claims and litigation.
Assembly and testing,Regulatory and Compliance Challenges,"Adapting to changes in legislation, regulation, and governmental policy."
Assembly and testing,Regulatory and Compliance Challenges,Managing the risk of intellectual property infringement litigation.
Capital Equipment,Regulatory and Compliance Challenges,"Safeguarding patents, trade secrets, and proprietary processes against infringement or theft."
Capital Equipment,Regulatory and Compliance Challenges,Licensing intellectual property on reasonable terms from ACM Shanghai for operations outside mainland China.
Capital Equipment,Regulatory and Compliance Challenges,Breaches of cybersecurity systems leading to loss of intellectual property and operational disruption.
Capital Equipment,Regulatory and Compliance Challenges,Compliance with U.S. Export Administration Regulations affecting global operations and market access.
Capital Equipment,Regulatory and Compliance Challenges,"Protecting intellectual property rights worldwide, especially in jurisdictions like mainland China."
Capital Equipment,Regulatory and Compliance Challenges,Navigating complex web of export controls and international regulations impacting market access.
Capital Equipment,Regulatory and Compliance Challenges,Risk of lawsuits for infringing intellectual property rights of third parties.
Capital Equipment,Regulatory and Compliance Challenges,Compliance with domestic and foreign laws and regulations is burdensome and costly.
Capital Equipment,Regulatory and Compliance Challenges,Environmental regulations imposing significant costs for pollution control or operational changes.
Capital Equipment,Regulatory and Compliance Challenges,Challenges in protecting proprietary technology against unauthorized copying or use by competitors.
Chemical and Gases,Regulatory and Compliance Challenges,Cybersecurity risks from increasing reliance on digital systems.
Chemical and Gases,Regulatory and Compliance Challenges,High competition and costly intellectual property disputes.
Chemical and Gases,Regulatory and Compliance Challenges,Compliance with complex international trade regulations.
Chemical and Gases,Regulatory and Compliance Challenges,Lengthy and uncertain customer qualification processes for new products.
Chemical and Gases,Regulatory and Compliance Challenges,Environmental and safety regulation compliance challenges.
Chemical and Gases,Regulatory and Compliance Challenges,Product liability claims from use of toxic materials and extreme temperatures.
Chemical and Gases,Regulatory and Compliance Challenges,Risks from unauthorized access and theft of confidential information.
Chemical and Gases,Regulatory and Compliance Challenges,Compliance with regulations on the use of conflict minerals.
Chemical and Gases,Regulatory and Compliance Challenges,Adverse tax consequences from international operations.
Chemical and Gases,Regulatory and Compliance Challenges,Challenges in protecting intellectual property rights across different jurisdictions.
Electronic design automation tools,Regulatory and Compliance Challenges,Failure to protect intellectual property rights weakens competitive position and reduces revenues.
Electronic design automation tools,Regulatory and Compliance Challenges,Non-compliance with export and import regulations harms competitiveness in international markets.
Electronic design automation tools,Regulatory and Compliance Challenges,"Ransomware attacks interrupt operations, causing data and income loss, and reputational damage."
Electronic design automation tools,Regulatory and Compliance Challenges,Cybersecurity threats to technology and infrastructure lead to operational and financial harm.
Electronic design automation tools,Regulatory and Compliance Challenges,Misuse of data by third-party AI/ML systems risks unauthorized disclosure of sensitive information.
Electronic design automation tools,Regulatory and Compliance Challenges,Inadequate protection of customer information or non-compliance with security rules leads to litigation and customer loss.
Electronic design automation tools,Regulatory and Compliance Challenges,Interruptions in SaaS delivery infrastructure can halt access to data or security patches.
Electronic design automation tools,Regulatory and Compliance Challenges,Evolving cybersecurity threats in the semiconductor ecosystem risk unauthorized data access.
Electronic design automation tools,Regulatory and Compliance Challenges,"Defects in new technologies can divert resources from development efforts, reducing margins."
Electronic design automation tools,Regulatory and Compliance Challenges,Integration risks from acquiring companies introduce cybersecurity vulnerabilities and potential data breaches.
Fabless,Regulatory and Compliance Challenges,Protecting intellectual property rights in a competitive and rapidly evolving market.
Fabless,Regulatory and Compliance Challenges,"Managing risks of IP theft, infringement lawsuits, and securing patents for new technologies."
Fabless,Regulatory and Compliance Challenges,"Navigating administrative, legislative, or regulatory actions that interfere with sales, especially in China."
Fabless,Regulatory and Compliance Challenges,"Addressing IT outages, data breaches, and cyberattacks that could disrupt operations and damage reputation."
Fabless,Regulatory and Compliance Challenges,Complying with environmental and health safety laws introducing unforeseen costs or liabilities.
Fabless,Regulatory and Compliance Challenges,"Dealing with product returns, warranty claims, and liability for product failures."
Fabless,Regulatory and Compliance Challenges,"Ensuring compliance with contract terms, particularly with highly-regulated public sector clients."
Fabless,Regulatory and Compliance Challenges,Adapting to changes in financial accounting standards affecting reported financial results.
Fabless,Regulatory and Compliance Challenges,Facing challenges in adequately protecting intellectual property rights against competitors.
Fabless,Regulatory and Compliance Challenges,Navigating complex and varying tax laws and regulations across different regions.
Foundaries,Regulatory and Compliance Challenges,Adapting to new regulations and competing for government funding under the CHIPS and Science Act.
Foundaries,Regulatory and Compliance Challenges,Risks from cyberattacks and security breaches disrupting operations and causing financial liability.
Foundaries,Regulatory and Compliance Challenges,"Dependency on third-party licenses for critical technologies, risking operational and financial harm."
Foundaries,Regulatory and Compliance Challenges,"Litigation risks from intellectual property rights infringement, impacting finances and operations."
Foundaries,Regulatory and Compliance Challenges,"Exposure to product liability claims, potentially resulting in significant monetary damages and reputational damage."
Foundaries,Regulatory and Compliance Challenges,"Challenges from the use of open source software, risking litigation and costly remediation."
Foundaries,Regulatory and Compliance Challenges,"Defects in semiconductor products leading to customer loss, reputational damage, and decreased revenue."
Foundaries,Regulatory and Compliance Challenges,Navigating complex regulatory environments to leverage legislative initiatives like the CHIPS and Science Act.
Foundaries,Regulatory and Compliance Challenges,Protecting proprietary technology and intellectual property rights against unauthorized use.
Foundaries,Regulatory and Compliance Challenges,"Compliance with a wide array of U.S. and international laws, regulations, and legal standards."
IDM,Regulatory and Compliance Challenges,Cybersecurity incidents compromising sensitive data and disrupting operations.
IDM,Regulatory and Compliance Challenges,Identifying product defects and issues in semiconductor manufacturing processes.
IDM,Regulatory and Compliance Challenges,Costly litigation regarding intellectual property rights impacting business negatively.
IDM,Regulatory and Compliance Challenges,Compliance with rapidly expanding global privacy legislation.
IDM,Regulatory and Compliance Challenges,Protecting proprietary technology and intellectual property against theft or infringement.
IDM,Regulatory and Compliance Challenges,Navigating complex regulatory landscape including tax laws and international trade regulations.
IDM,Regulatory and Compliance Challenges,"Compliance with stringent environmental, climate change, and conflict-free minerals regulations."
IDM,Regulatory and Compliance Challenges,Difficulty in enforcing U.S. civil liabilities due to incorporation under Dutch laws.
IDM,Regulatory and Compliance Challenges,Managing regulated substances and compliance with environmental regulations.
IDM,Regulatory and Compliance Challenges,Challenges in protecting intellectual property rights effectively in the semiconductor industry.
Intellectual property,Regulatory and Compliance Challenges,Protecting intellectual property rights amid global competition and legal complexities.
Intellectual property,Regulatory and Compliance Challenges,Navigating changes in tax rates and new legislation in multiple jurisdictions.
Intellectual property,Regulatory and Compliance Challenges,"Managing risks related to product errors, defects, and liability claims."
Intellectual property,Regulatory and Compliance Challenges,Ensuring compliance with evolving industry standards and technical requirements.
Intellectual property,Regulatory and Compliance Challenges,Mitigating risks from reliance on third-party manufacturing and assembly processes.
Intellectual property,Regulatory and Compliance Challenges,Addressing cybersecurity threats and protecting confidential information.
Intellectual property,Regulatory and Compliance Challenges,Adapting to increasing expectations for corporate social and environmental responsibility.
Intellectual property,Regulatory and Compliance Challenges,Dealing with the complexities of international trade regulations and sanctions.
Intellectual property,Regulatory and Compliance Challenges,Overcoming challenges in commercializing products without infringing on third-party IP rights.
Intellectual property,Regulatory and Compliance Challenges,Complying with environmental laws and regulations across different regions.
Assembly and testing,Financial Challenges,Rising operational costs eroding profit margins.
Assembly and testing,Financial Challenges,Economic downturns reducing demand for semiconductor products.
Assembly and testing,Financial Challenges,Fluctuations in commodity prices impacting gross margins.
Assembly and testing,Financial Challenges,Currency exchange rate fluctuations affecting revenues and earnings.
Assembly and testing,Financial Challenges,"Cyclical, seasonal, and volatile market conditions adversely impacting financial performance."
Assembly and testing,Financial Challenges,Increased material costs challenging gross margins and overall profitability.
Assembly and testing,Financial Challenges,Technological changes leading to more extensive warranty services and expenses.
Assembly and testing,Financial Challenges,Credit risk from counterparties in derivative transactions posing financial threats.
Assembly and testing,Financial Challenges,High fixed costs impacting gross margins if high-capacity utilization rates are not achieved.
Assembly and testing,Financial Challenges,Foreign exchange risk due to operations in currencies other than the U.S. dollar.
Capital Equipment,Financial Challenges,Interest rate risk affecting financial stability through swap arrangements and short-term borrowings.
Capital Equipment,Financial Challenges,Foreign currency exchange rate fluctuations impacting financial results and competitiveness.
Capital Equipment,Financial Challenges,Inflationary pressures increasing manufacturing costs and affecting profitability.
Capital Equipment,Financial Challenges,Long and unpredictable sales cycles complicating revenue forecasting and strategic planning.
Capital Equipment,Financial Challenges,Volatility in stock prices due to industry-specific trends and global economic conditions.
Capital Equipment,Financial Challenges,Challenges in managing supply chain costs and improving productivity.
Capital Equipment,Financial Challenges,"Risks of significant asset impairment, restructuring, and inventory write-off charges."
Capital Equipment,Financial Challenges,Dependence on government funding for research and defense-related programs.
Capital Equipment,Financial Challenges,Exposure to credit risk from trade accounts receivable and short-term cash investments.
Capital Equipment,Financial Challenges,Adverse effects from currency exchange rate fluctuations on operating margins and tax liabilities.
Chemical and Gases,Financial Challenges,"Inflation impacting costs of materials, operations, and labor in the semiconductor ecosystem."
Chemical and Gases,Financial Challenges,Restructuring charges from cost-saving initiatives causing significant expenses and operational disruptions.
Chemical and Gases,Financial Challenges,Foreign currency exchange rate fluctuations affecting financial results.
Chemical and Gases,Financial Challenges,Long qualification cycles for products making revenue forecasting difficult.
Chemical and Gases,Financial Challenges,Risk of investment losses in raw materials suppliers.
Chemical and Gases,Financial Challenges,Challenges in monitoring investments for impairment and recording reductions in carrying value.
Chemical and Gases,Financial Challenges,Fluctuations in interest rates affecting balance between preserving principal and maximizing income.
Chemical and Gases,Financial Challenges,Cyclical nature of the semiconductor industry leading to periodic downturns.
Chemical and Gases,Financial Challenges,"Credit risks from default by issuers of cash equivalents, investments, and accounts receivable."
Chemical and Gases,Financial Challenges,"Expansion risks in regions like China related to execution, regulatory compliance, and market demand."
Electronic design automation tools,Financial Challenges,Dependence on variable wafer and IC product volumes.
Electronic design automation tools,Financial Challenges,Economic instability affecting sales and financial results.
Electronic design automation tools,Financial Challenges,Market volatility disrupting sales and contractual commitments.
Electronic design automation tools,Financial Challenges,Geopolitical events delaying or preventing fulfillment of contracts.
Electronic design automation tools,Financial Challenges,Inflation increasing borrowing costs for semiconductor companies.
Electronic design automation tools,Financial Challenges,Higher interest rates affecting investment in new technologies.
Electronic design automation tools,Financial Challenges,Inflation raising the cost of raw materials and components.
Electronic design automation tools,Financial Challenges,Impact of inflation on profitability within the semiconductor ecosystem.
Fabless,Financial Challenges,Achieving cost parity with incumbent silicon-based solutions.
Fabless,Financial Challenges,Managing exposure to foreign currency and interest rate risks.
Fabless,Financial Challenges,Navigating fluctuating cash flows and securing capital for operations and growth.
Fabless,Financial Challenges,Managing operational costs while striving for profitability.
Fabless,Financial Challenges,Navigating price competition and increases in raw material costs.
Fabless,Financial Challenges,Handling uncertainties in product ordering and shipment.
Fabless,Financial Challenges,"Dealing with new product manufacturing delays, difficulties, or higher costs."
Fabless,Financial Challenges,Achieving expected manufacturing yields for products.
Fabless,Financial Challenges,Managing the financial stability amid changes in interest rates and market values of investments.
Fabless,Financial Challenges,Navigating global economic conditions affecting demand for semiconductor products.
Foundaries,Financial Challenges,Maintaining effective internal control over financial reporting.
Foundaries,Financial Challenges,Challenges from cancellable purchase orders and lack of significant backlog.
Foundaries,Financial Challenges,Impact of a weakened global economy or financial crisis on the semiconductor industry.
Foundaries,Financial Challenges,Costs of developing services and manufacturing wafers may exceed expectations.
Foundaries,Financial Challenges,Facing uninsured liabilities and losses from business-related hazards.
Foundaries,Financial Challenges,High levels of indebtedness constraining investment in growth opportunities.
Foundaries,Financial Challenges,Expanding capabilities through strategic mergers and acquisitions.
Foundaries,Financial Challenges,"Subject to interest rate risk, especially with variable rate debt."
Foundaries,Financial Challenges,Initiatives aimed at improving profitability could disrupt operations.
Foundaries,Financial Challenges,Exposure to credit risk through financial instruments like cash and accounts receivable.
IDM,Financial Challenges,Managing inventory levels amid fluctuating market conditions and product value depreciation.
IDM,Financial Challenges,Credit risk from derivative instruments and counterparty defaults.
IDM,Financial Challenges,Impact of market interest rate changes on fixed-rate debt and investment portfolios.
IDM,Financial Challenges,Customer payment failures or delays affecting financial health and cash flow.
IDM,Financial Challenges,Risks in share repurchase programs potentially leading to liquidity issues.
IDM,Financial Challenges,Global credit and financial market instability affecting financing capabilities.
IDM,Financial Challenges,Exposure to increasing interest rates raising borrowing costs and impacting profitability.
IDM,Financial Challenges,Challenges in assessing the likelihood of realizing deferred tax assets.
IDM,Financial Challenges,"Adverse effects of product mix, manufacturing complexity, and inflation on gross margins."
IDM,Financial Challenges,Volatility in average selling prices of DRAM and NAND affecting operational results.
Intellectual property,Financial Challenges,Securing sufficient funding and managing liquidity for operations and growth.
Intellectual property,Financial Challenges,Managing and predicting semiconductor manufacturing costs impacting profitability.
Intellectual property,Financial Challenges,Exposure to fluctuations in foreign currency exchange rates affecting financial condition.
Intellectual property,Financial Challenges,Challenges in reducing manufacturing costs to maintain competitiveness and profitability.
Intellectual property,Financial Challenges,Risk of significant fluctuations in revenue and operating results due to market volatility.
Intellectual property,Financial Challenges,Dependence on the success of strategic reviews or transactions for financial stability.
Intellectual property,Financial Challenges,Joint venture arrangements exposing companies to risks like lack of full control and potential disagreements.
Intellectual property,Financial Challenges,Providing lifetime warranties on semiconductor products exposes companies to potential claims and expenses.
Intellectual property,Financial Challenges,Navigating rapid technological change and evolving customer requirements leading to unpredictable demand.
Intellectual property,Financial Challenges,"Facing challenges due to excess capacity charges, increasing costs, and reducing efficiency."
Assembly and testing,Supply Chain Challenges,Supply chain disruptions impacting production timelines and costs.
Assembly and testing,Supply Chain Challenges,Quality and coordination challenges across multiple manufacturing sites.
Assembly and testing,Supply Chain Challenges,Critical supplier failures affecting timely and cost-effective parts delivery.
Assembly and testing,Supply Chain Challenges,Natural disasters disrupting operations and supply chains.
Assembly and testing,Supply Chain Challenges,Reliance on limited suppliers for critical materials and equipment.
Assembly and testing,Supply Chain Challenges,Global economic conditions affecting supplier operations.
Assembly and testing,Supply Chain Challenges,Health epidemics severely disrupting operations and sales.
Assembly and testing,Supply Chain Challenges,Inventory management difficulties due to rapid market demand changes.
Assembly and testing,Supply Chain Challenges,Supply shortages and inflationary cost pressures in the near term.
Assembly and testing,Supply Chain Challenges,Cyber-attacks on third-party suppliers compromising data security.
Capital Equipment,Supply Chain Challenges,Supply chain delays or shortages impacting manufacturing and delivery.
Capital Equipment,Supply Chain Challenges,Increased costs due to difficulties in obtaining necessary parts and materials.
Capital Equipment,Supply Chain Challenges,Risk from absence of long-term purchasing agreements with suppliers.
Capital Equipment,Supply Chain Challenges,Dependency on third parties for significant portions of tool manufacturing.
Capital Equipment,Supply Chain Challenges,Disruptions in the supply chain leading to equipment production and delivery delays.
Capital Equipment,Supply Chain Challenges,Risks from sourcing components from limited or single-source suppliers.
Capital Equipment,Supply Chain Challenges,Cybersecurity incidents affecting suppliers causing delays in obtaining necessary parts.
Capital Equipment,Supply Chain Challenges,Global pandemics disrupting supply chains and reducing demand for semiconductor products.
Capital Equipment,Supply Chain Challenges,Significant inventory buildup leading to reduced order rates and shorter lead times.
Capital Equipment,Supply Chain Challenges,"Vulnerability to disruptions from natural disasters, pandemics, and man-made disasters."
Chemical and Gases,Supply Chain Challenges,Supply chain disruptions leading to delays and higher costs for essential components and materials.
Chemical and Gases,Supply Chain Challenges,Dependence on a limited number of suppliers for critical raw materials and components.
Chemical and Gases,Supply Chain Challenges,"Impact of COVID-19 on manufacturing operations, supply chains, and market demand."
Chemical and Gases,Supply Chain Challenges,Risks associated with joint ventures and partnerships in raw material sourcing.
Chemical and Gases,Supply Chain Challenges,Challenges in managing complex supply chains and meeting purchase commitments.
Chemical and Gases,Supply Chain Challenges,Vulnerability to natural disasters affecting manufacturing facilities and supply chains.
Chemical and Gases,Supply Chain Challenges,Increased costs and supply constraints for raw materials due to geopolitical tensions.
Chemical and Gases,Supply Chain Challenges,Reliance on contract manufacturers posing risks to quality control and timely delivery.
Chemical and Gases,Supply Chain Challenges,Requirement for export licenses for critical materials introducing administrative burdens.
Chemical and Gases,Supply Chain Challenges,Fluctuations in demand for wafer substrates and raw materials impacting financial stability.
Electronic design automation tools,Supply Chain Challenges,Supply chain challenges impacting availability of critical components and materials.
Electronic design automation tools,Supply Chain Challenges,Delays in production due to supply chain disruptions.
Electronic design automation tools,Supply Chain Challenges,Increased costs from disruptions in the global supply chain.
Electronic design automation tools,Supply Chain Challenges,Reduced ability to meet customer demand due to supply chain issues.
Electronic design automation tools,Supply Chain Challenges,Complexity of semiconductor manufacturing process relying on a global supply chain.
Electronic design automation tools,Supply Chain Challenges,Geopolitical tensions causing supply chain disruptions.
Electronic design automation tools,Supply Chain Challenges,Natural disasters leading to delays in production and increased costs.
Electronic design automation tools,Supply Chain Challenges,Sole-source providers leading to increased costs or inability to meet expectations.
Electronic design automation tools,Supply Chain Challenges,Supplier plant closures impacting production and costs.
Electronic design automation tools,Supply Chain Challenges,"Shipping delays, market shortages, and geopolitical developments causing operational challenges."
Fabless,Supply Chain Challenges,Supply-restricted SiC market impacting raw material availability and manufacturing capacity.
Fabless,Supply Chain Challenges,Outsourcing supply-chain logistics introduces control and efficiency risks.
Fabless,Supply Chain Challenges,Critical to achieve acceptable yields and secure adequate production capacity from wafer foundries.
Fabless,Supply Chain Challenges,"Essential equipment, materials, substrates, or manufacturing process shortages could hinder product manufacturing."
Fabless,Supply Chain Challenges,Semiconductor industry faces challenges in demand planning and inventory management due to fluctuating lead times.
Fabless,Supply Chain Challenges,Dependence on third-party manufacturers risks timely production and use of competitive technologies.
Fabless,Supply Chain Challenges,Health crises like COVID-19 can disrupt manufacturing operations and global demand.
Fabless,Supply Chain Challenges,Limited number of suppliers for critical components poses risks to production and financial stability.
Fabless,Supply Chain Challenges,External supplier reliance introduces risks related to supply disruptions and intellectual property misappropriation.
Fabless,Supply Chain Challenges,Transitioning production to new manufacturers may result in delays and lower product performance.
Foundaries,Supply Chain Challenges,Reliance on limited suppliers disrupts production due to late or poor-quality deliveries.
Foundaries,Supply Chain Challenges,Natural disasters and public health issues can materially affect operations and financial condition.
Foundaries,Supply Chain Challenges,Shortages or price increases in raw materials could interrupt operations and reduce revenue.
Foundaries,Supply Chain Challenges,Essential to strengthen and secure the semiconductor supply chain for operational efficiency.
Foundaries,Supply Chain Challenges,Dependence on few third-party suppliers may lead to order cancellations and market share loss.
Foundaries,Supply Chain Challenges,"Damage to semiconductor foundries halts production, causing significant financial losses and damaged customer relationships."
IDM,Supply Chain Challenges,"Managing efficient, responsive global supply chains amid geopolitical and pandemic-related disruptions."
IDM,Supply Chain Challenges,"Risks associated with strategic investments in manufacturing facilities, including construction and government incentives."
IDM,Supply Chain Challenges,"Dependency on third-party foundries and contractors, complicating quality control and cost-effectiveness."
IDM,Supply Chain Challenges,"Supply chain disruptions from COVID-19, affecting production schedules and workforce availability."
IDM,Supply Chain Challenges,"Natural disasters disrupting manufacturing operations, supply chains, and market demand."
IDM,Supply Chain Challenges,Geopolitical tensions and trade disputes limiting access to crucial raw materials.
IDM,Supply Chain Challenges,Complexities and costs of advanced semiconductor manufacturing equipment leading to production issues.
IDM,Supply Chain Challenges,Reliance on a limited number of suppliers for raw materials and production equipment.
IDM,Supply Chain Challenges,Rapid increases in business and manufacturing capacity straining operations and potentially leading to excess inventory.
IDM,Supply Chain Challenges,Challenges in obtaining raw materials and supplies timely due to capacity constraints or other uncontrollable factors.
Intellectual property,Supply Chain Challenges,Dependence on limited sources for wafer fabrication and product testing risks supply disruptions.
Intellectual property,Supply Chain Challenges,"Supply chain constraints, including raw materials and semiconductors, could adversely impact operations."
Intellectual property,Supply Chain Challenges,Outsourcing manufacturing exposes the company to sudden price fluctuations and quality issues.
Intellectual property,Supply Chain Challenges,Sanctions against countries like Russia impact the availability of critical metals for semiconductors.
Intellectual property,Supply Chain Challenges,Pandemics can adversely impact business operations and the operations of suppliers and customers.
Intellectual property,Supply Chain Challenges,Silicon chip supply chain restrictions can impact royalties payable and customer demand fulfillment.
Intellectual property,Supply Chain Challenges,Natural disasters can disrupt business activities and harm physical facilities.
Intellectual property,Supply Chain Challenges,Fluctuations in the cost and availability of raw materials can increase product costs.
Intellectual property,Supply Chain Challenges,Global health crises like COVID-19 can reduce manufacturing capacity and increase costs.
Intellectual property,Supply Chain Challenges,Reliance on third-party suppliers for raw materials introduces risks related to availability and quality.
Assembly and testing,Technological Challenges,Susceptibility to impurities and contaminants in integrated circuit fabrication.
Assembly and testing,Technological Challenges,Equipment failures leading to manufacturing delays and product shortages.
Assembly and testing,Technological Challenges,Adverse effects on operating results due to fabrication challenges.
Assembly and testing,Technological Challenges,Increasing difficulty in ensuring data accuracy from complex sensors in mobile devices.
Assembly and testing,Technological Challenges,Necessity for advanced production test and burn-in solutions for reliable sensors.
Assembly and testing,Technological Challenges,Extensive reliability screening and stress testing requirements.
Assembly and testing,Technological Challenges,Resource-intensive burn-in processes involving elevated voltages and temperatures.
Assembly and testing,Technological Challenges,Demand for miniaturization and greater functionality in semiconductor devices.
Assembly and testing,Technological Challenges,Need for lower power consumption and improved thermal and electrical performance.
Assembly and testing,Technological Challenges,Continuous development of sophisticated semiconductor packaging and test technologies requires significant R&D investment.
Capital Equipment,Technological Challenges,Increasing complexity in semiconductor packages due to system-level designs.
Capital Equipment,Technological Challenges,Removing random defects without damaging wafers at advanced process nodes (22nm or less).
Capital Equipment,Technological Challenges,Controlling nanometric particles and maintaining inside pattern surfaces at advanced nodes (28nm or less).
Capital Equipment,Technological Challenges,"Small particles distorting images on wafers, affecting purity and integrity."
Capital Equipment,Technological Challenges,Integrating new materials with precise atomic scale control requires sophisticated technologies.
Capital Equipment,Technological Challenges,Developing cleaning technologies for fragile patterned structures on 2D and 3D wafers.
Capital Equipment,Technological Challenges,Continuous R&D investment needed to stay ahead of technology inflections like 3D scaling.
Capital Equipment,Technological Challenges,Defects in semiconductor products increase costs and harm business operations and customer relationships.
Capital Equipment,Technological Challenges,Rapid technological change demands investment in sophisticated equipment and complex processes.
Capital Equipment,Technological Challenges,Meeting specific technical requirements of chip manufacturers in mainland China and throughout Asia.
Chemical and Gases,Technological Challenges,Interruptions in IT systems can cause significant operational losses.
Chemical and Gases,Technological Challenges,Failures in IT systems risk customer and business opportunity loss.
Chemical and Gases,Technological Challenges,IT system failures can lead to reputational damage.
Chemical and Gases,Technological Challenges,New materials in manufacturing must outperform and integrate without issues.
Chemical and Gases,Technological Challenges,Complexity in material interactions requires deep understanding and tailored solutions.
Chemical and Gases,Technological Challenges,Vulnerability to cybersecurity threats like viruses and ransomware.
Chemical and Gases,Technological Challenges,"Cyber threats can exploit system vulnerabilities, causing disruptions and data breaches."
Chemical and Gases,Technological Challenges,Increasing complexity in semiconductor manufacturing processes.
Chemical and Gases,Technological Challenges,Advanced architectures require more process steps and new materials.
Chemical and Gases,Technological Challenges,Atomic layer scale manufacturing demands high precision and material purity.
Fabless,Technological Challenges,GaN manufacturing yields deterioration increasing IC costs.
Fabless,Technological Challenges,Transitioning to new wafer technologies or higher design integration increases costs and delays.
Fabless,Technological Challenges,Defects in semiconductor products can significantly impact expenses and company reputation.
Fabless,Technological Challenges,Smaller geometry process transitions essential for competitiveness increase costs and lower yields.
Fabless,Technological Challenges,"Advanced Micro Devices, Inc. risk of failing to achieve expected manufacturing yields."
Fabless,Technological Challenges,Periodic migration to smaller geometry processes introduces significant R&D investment risks.
Fabless,Technological Challenges,"Optical transceivers' standardized form factors limit heat removal, affecting data rates."
Fabless,Technological Challenges,Delays in production initiation due to new techniques or equipment malfunctions.
Fabless,Technological Challenges,Semiconductor process complexity leads to yield issues and increased rejection rates.
Fabless,Technological Challenges,Cybersecurity threats in the semiconductor ecosystem disrupt operations and lead to data breaches.
Foundaries,Technological Challenges,"Prone to errors, defects, or performance problems due to design flaws."
Foundaries,Technological Challenges,Defects in raw materials or components can lead to manufacturing errors.
Foundaries,Technological Challenges,Manufacturing errors may result in product recalls and shipment delays.
Foundaries,Technological Challenges,Issues can cause reputational damage and financial losses.
Foundaries,Technological Challenges,Rad-hard ICs are expensive due to the development and testing required.
Foundaries,Technological Challenges,"Cost barrier limits market to well-funded military, scientific organizations, or high-value markets."
Foundaries,Technological Challenges,Increasing complexity of semiconductor designs makes manufacturing challenging.
Foundaries,Technological Challenges,Requires sophisticated expertise for manufacturing.
Foundaries,Technological Challenges,Significant investments needed in fabrication facilities.
Foundaries,Technological Challenges,Need for specialized foundry services as traditional IDMs struggle to keep up.
IDM,Technological Challenges,Rapid technological change necessitates significant R&D expenditures.
IDM,Technological Challenges,Difficulties in transitioning to advanced process technologies.
IDM,Technological Challenges,Reduced manufacturing yields or delays in product deliveries.
IDM,Technological Challenges,Significant delays in implementing new manufacturing process technologies.
IDM,Technological Challenges,Transition to larger substrate wafers requires significant investment.
IDM,Technological Challenges,Highly dependent on continuous technological advancement.
IDM,Technological Challenges,Failure to efficiently transition to new manufacturing technologies.
IDM,Technological Challenges,"Highly susceptible to cybersecurity threats, including cyberattacks and malware."
IDM,Technological Challenges,Products may have security vulnerabilities despite encryption or security algorithms.
IDM,Technological Challenges,"Heightened risk of cybersecurity, privacy, or safety risks in cloud, IoT, and automotive applications."
Intellectual property,Technological Challenges,Competitors using smaller geometry process technologies improve yields and decrease costs.
Intellectual property,Technological Challenges,Transitioning to new wafer technologies or higher design integration can reduce yields and increase expenses.
Intellectual property,Technological Challenges,Defects or manufacturing problems can significantly increase production costs and impact customer relationships.
Intellectual property,Technological Challenges,The complexity of semiconductor manufacturing can lead to substantial yield decreases or production suspension.
Intellectual property,Technological Challenges,Advanced materials and exotic design architectures add complexity and cost.
Intellectual property,Technological Challenges,"Rockley Photonics Holdings Ltd faces challenges with defects, reduced yields, and new foundry vendors."
Intellectual property,Technological Challenges,"SemiledsCorp is at risk of technological obsolescence, requiring significant investment to stay competitive."
Intellectual property,Technological Challenges,"The industry's shift towards smaller geometry process technologies requires significant modifications, risking yields and delivery delays."
Intellectual property,Technological Challenges,"The design gap in semiconductor manufacturing, where advances in processes outpace design capabilities."
Intellectual property,Technological Challenges,"Integrating different semiconductor materials adds complexity, making the process susceptible to defects and scalability issues."
Assembly and testing,Environmental Challenges,Minimizing use of harmful materials like lead in integrated circuit packaging.
Assembly and testing,Environmental Challenges,Optimizing energy and water usage in manufacturing.
Assembly and testing,Environmental Challenges,Addressing risks from climate change affecting operational performance.
Assembly and testing,Environmental Challenges,Navigating increased regulatory scrutiny related to environmental matters.
Assembly and testing,Environmental Challenges,Managing transition risks like increased operating costs due to stringent environmental policies.
Assembly and testing,Environmental Challenges,Mitigating physical risks from acute weather events and supply chain interruptions.
Assembly and testing,Environmental Challenges,Responding to stakeholder demands for sustainability and ESG compliance.
Assembly and testing,Environmental Challenges,Handling reputational risks and challenges in hiring due to sustainability expectations.
Assembly and testing,Environmental Challenges,"Complying with environmental laws on waste disposal, water discharge, and emissions."
Assembly and testing,Environmental Challenges,Adapting to natural disasters and severe weather events impacting water availability for operations.
Capital Equipment,Environmental Challenges,Increasing use of renewable energy and reducing hazardous waste generation.
Capital Equipment,Environmental Challenges,Disruptions from natural disasters due to climate change affecting operations and supply chains.
Capital Equipment,Environmental Challenges,Compliance with environmental regulations to manage hazardous materials and waste.
Capital Equipment,Environmental Challenges,Costs and operational disruptions from failing to adhere to environmental regulations.
Capital Equipment,Environmental Challenges,"Risks from climate change, including rising sea levels and extreme weather conditions."
Capital Equipment,Environmental Challenges,"Environmental impact from significant use of power, water, and chemicals in manufacturing."
Capital Equipment,Environmental Challenges,Adhering to stringent environmental regulations while maintaining manufacturing efficiency.
Capital Equipment,Environmental Challenges,"Additional costs from legal, regulatory, or market measures addressing climate change."
Capital Equipment,Environmental Challenges,"Risks of accidents involving chemicals, such as explosions and toxic releases."
Capital Equipment,Environmental Challenges,Innovation needed in reducing chemical consumption in wafer cleaning processes.
Chemical and Gases,Environmental Challenges,Mandatory shutdowns or underutilization due to environmental pollution reforms.
Chemical and Gases,Environmental Challenges,Production declines from pollution reduction restrictions.
Chemical and Gases,Environmental Challenges,Government-ordered work stoppages due to environmental hazards.
Chemical and Gases,Environmental Challenges,New climate change laws requiring manufacturing process changes.
Chemical and Gases,Environmental Challenges,Risks from climate change including natural disasters affecting operations.
Chemical and Gases,Environmental Challenges,Contamination control challenges impacting device yields and performance.
Chemical and Gases,Environmental Challenges,Manufacturing shutdowns from severe air pollution mandates.
Chemical and Gases,Environmental Challenges,Intermittent production halts affecting output and customer demand fulfillment.
Chemical and Gases,Environmental Challenges,"Additional costs from sustainability, emissions, and human rights targets."
Chemical and Gases,Environmental Challenges,Advanced filtration needs to remove contaminants in manufacturing processes.
Fabless,Environmental Challenges,Reducing carbon footprint while managing indirect environmental impact through foundry partners and suppliers.
Fabless,Environmental Challenges,"Adapting to climate change impacts on business operations, leading to increased costs and regulatory compliance."
Fabless,Environmental Challenges,Managing risks from natural disasters and climate change on manufacturing facilities and supply chains.
Fabless,Environmental Challenges,"Adapting to policies and regulations related to climate change, involving significant costs and operational adjustments."
Fabless,Environmental Challenges,Handling industrial waste from semiconductor manufacturing processes and complying with environmental regulations.
Fabless,Environmental Challenges,"Addressing new or increased regulations on greenhouse gas emissions, affecting supply chain economics and business practices."
Fabless,Environmental Challenges,Managing environmental impacts of hazardous materials use and high energy consumption in manufacturing processes.
Fabless,Environmental Challenges,"Ensuring sustainability programs meet the expectations of regulators, customers, and investors to maintain market position."
Fabless,Environmental Challenges,Investing in emissions reduction technologies or operational changes due to laws aimed at achieving carbon neutrality.
Fabless,Environmental Challenges,"Complying with evolving environmental regulations and expectations for sustainability, involving substantial costs and operational adjustments."
Foundaries,Environmental Challenges,Susceptibility to physical damage from natural disasters.
Foundaries,Environmental Challenges,Production delays due to inoperable facilities from disasters.
Foundaries,Environmental Challenges,Increased costs from unplanned shutdowns.
Foundaries,Environmental Challenges,Potential loss of profits due to disasters.
Foundaries,Environmental Challenges,Use of hazardous chemicals in manufacturing.
Foundaries,Environmental Challenges,Challenge of disposing hazardous waste.
Foundaries,Environmental Challenges,Compliance with stringent environmental regulations.
Foundaries,Environmental Challenges,Expensive obligations imposed by environmental regulations.
IDM,Environmental Challenges,"Increased production costs due to climate change initiatives (higher energy prices, carbon taxes)."
IDM,Environmental Challenges,Water scarcity impacting operations in semi-arid regions.
IDM,Environmental Challenges,"Environmental footprint challenges (waste management, demand for green technologies)."
IDM,Environmental Challenges,"Compliance with climate change regulations (emission limits, costly activities)."
IDM,Environmental Challenges,Remediation of legacy environmental issues (soil and groundwater contamination).
IDM,Environmental Challenges,"Damage from natural disasters (floods, earthquakes) disrupting operations."
IDM,Environmental Challenges,Pressure to reduce suppliers' greenhouse gas emissions footprints.
IDM,Environmental Challenges,"Pressure to improve environmental sustainability practices (water usage, chemical waste)."
IDM,Environmental Challenges,Compliance with environmental regulations on hazardous materials.
IDM,Environmental Challenges,Balancing sustainability efforts with financial performance (investment in green technologies).
Intellectual property,Environmental Challenges,Disruptions to operations from climate change physical risks.
Intellectual property,Environmental Challenges,Increased costs due to transitioning to lower carbon technologies.
Intellectual property,Environmental Challenges,Legal challenges related to environmental impact.
Intellectual property,Environmental Challenges,Costly compliance with strict environmental regulations.
Intellectual property,Environmental Challenges,Investment in environmentally friendly manufacturing and waste disposal.
Intellectual property,Environmental Challenges,Impact of natural disasters on key locations for product lifecycle.
Intellectual property,Environmental Challenges,Significant investment required for green technology and compliance.
Intellectual property,Environmental Challenges,Pressure to achieve net-zero carbon emissions leading to costly modifications.
Intellectual property,Environmental Challenges,Adverse publicity and loss of business for failing to meet climate goals.
Intellectual property,Environmental Challenges,New climate change laws increasing expenses and affecting manufacturing processes.
Assembly and testing,Labor and Skills Challenges,Attracting and retaining experienced personnel in a competitive market.
Assembly and testing,Labor and Skills Challenges,"Offering competitive compensation packages to attract, retain, and motivate key employees."
Assembly and testing,Labor and Skills Challenges,Adapting business models to the shift towards contract manufacturing.
Assembly and testing,Labor and Skills Challenges,Managing supply chains amidst changes in manufacturing strategies.
Assembly and testing,Labor and Skills Challenges,Adjusting production capacity to align with contract manufacturing demands.
Assembly and testing,Labor and Skills Challenges,Handling targeted labor reductions due to shifts in manufacturing strategies.
Assembly and testing,Labor and Skills Challenges,Challenges related to operational adjustments in response to contract manufacturing.
Assembly and testing,Labor and Skills Challenges,Ensuring workforce adaptability to new business models and manufacturing processes.
Capital Equipment,Labor and Skills Challenges,Intense competition for qualified personnel in the semiconductor industry.
Capital Equipment,Labor and Skills Challenges,Global expansion of technology companies increases demand for skilled workers.
Capital Equipment,Labor and Skills Challenges,COVID-19 pandemic-specific demands exacerbate talent acquisition challenges.
Capital Equipment,Labor and Skills Challenges,Need for continuous recruitment of skilled personnel in design and engineering.
Capital Equipment,Labor and Skills Challenges,Difficulty in retaining key personnel due to competitive market.
Capital Equipment,Labor and Skills Challenges,Failure to attract and retain talent could adversely affect operations.
Capital Equipment,Labor and Skills Challenges,Rapid pace of innovation requires constant talent acquisition.
Capital Equipment,Labor and Skills Challenges,Competition for talent hinders the ability to innovate.
Capital Equipment,Labor and Skills Challenges,Inability to meet customer demands due to talent shortages.
Capital Equipment,Labor and Skills Challenges,Adverse effects on market position and financial results from failing to retain key personnel.
Chemical and Gases,Labor and Skills Challenges,Dependence on recruiting and retaining qualified personnel.
Chemical and Gases,Labor and Skills Challenges,Increased scrutiny on health impacts of working in semiconductor manufacturing environments.
Chemical and Gases,Labor and Skills Challenges,Allegations linking work environments to illnesses affecting recruitment and retention.
Chemical and Gases,Labor and Skills Challenges,Liability claims from potential health impacts on employees.
Chemical and Gases,Labor and Skills Challenges,Need for continued services of key engineering personnel and executive officers.
Chemical and Gases,Labor and Skills Challenges,"Critical need to attract and retain qualified engineering, manufacturing, marketing, sales, and management personnel."
Chemical and Gases,Labor and Skills Challenges,"Essential to create a diverse, inclusive, and safe workplace."
Chemical and Gases,Labor and Skills Challenges,Offering competitive rewards to employees.
Chemical and Gases,Labor and Skills Challenges,Providing development opportunities for employees.
Chemical and Gases,Labor and Skills Challenges,Adjusting workforce size rapidly in response to business cycles and customer demands.
Fabless,Labor and Skills Challenges,"Competition for skilled personnel in technical, sales, marketing, and managerial roles."
Fabless,Labor and Skills Challenges,Economic downturns impacting employment and operational expenses.
Fabless,Labor and Skills Challenges,PRC labor laws imposing strict regulations and potentially increasing labor costs.
Fabless,Labor and Skills Challenges,"Loss of key employees affecting product delivery, revenues, and profitability."
Fabless,Labor and Skills Challenges,Challenges with labor unions leading to work stoppages and financial impacts.
Fabless,Labor and Skills Challenges,High demand across technology sectors leading to talent shortages and increased labor costs.
Fabless,Labor and Skills Challenges,Transitioning from flexible to on-site work requirements causing higher employee attrition.
Fabless,Labor and Skills Challenges,Increased cost of workforce reduction decisions due to Labor Contract Law in China.
Fabless,Labor and Skills Challenges,"Tight labor market, especially in regions like Minnesota, impacting workforce retention."
Fabless,Labor and Skills Challenges,Changes in immigration laws affecting the ability to hire or retain key employees.
Foundaries,Labor and Skills Challenges,"Competition for skilled technical employees is intense, and failure to secure sufficient personnel could impair the company's ability to secure and complete customer engagements."
IDM,Labor and Skills Challenges,Loss of key management and personnel hinders research and product development.
IDM,Labor and Skills Challenges,Inability to attract skilled employees impacts overall business success.
IDM,Labor and Skills Challenges,Operations in Europe and Asia could be affected by labor disputes or negotiations.
IDM,Labor and Skills Challenges,Competition for highly skilled employees in the semiconductor industry is intense.
IDM,Labor and Skills Challenges,"Difficulty in attracting, retaining, and motivating executives and skilled employees."
IDM,Labor and Skills Challenges,Limited hiring due to macroeconomic conditions and financial performance.
IDM,Labor and Skills Challenges,Achieving high manufacturing yields is crucial for maintaining gross profit.
IDM,Labor and Skills Challenges,Fluctuations in manufacturing yields significantly impact financial performance.
IDM,Labor and Skills Challenges,Semiconductor manufacturing processes are sensitive to contaminants and material impurities.
IDM,Labor and Skills Challenges,Performance of manufacturing personnel and equipment is critical for success.
Intellectual property,Labor and Skills Challenges,"Attracting, training, and retaining key technical and managerial personnel."
Intellectual property,Labor and Skills Challenges,Competition for skilled engineers and key employees is intense.
Intellectual property,Labor and Skills Challenges,Losing key employees impacts product development and business continuity.
Intellectual property,Labor and Skills Challenges,Human error in manufacturing can lead to defects and impact production efficiency.
Intellectual property,Labor and Skills Challenges,Hiring and training experienced personnel for international operations is challenging.
Intellectual property,Labor and Skills Challenges,"Recruiting, training, managing, and retaining international employees, particularly in sales, is difficult."
Intellectual property,Labor and Skills Challenges,Ensuring high quality in interconnect IP to prevent SoC project delays or failures.
Intellectual property,Labor and Skills Challenges,Investing in skilled resources and methodologies for early indications of potential quality issues.
Intellectual property,Labor and Skills Challenges,Material weakness in internal control over financial reporting due to insufficient staffing resources.
Intellectual property,Labor and Skills Challenges,Lack of staff with technical accounting knowledge affects accuracy of financial reporting.
