challenge,G,A,B,C,D,E,F
Intense competition in the semiconductor industry requires differentiation and value-added services.,A,f,f,f,f,f,f
Inventory corrections by customers lead to significant sales decreases.,A,g,g,g,g,g,g
Challenges in reducing costs while meeting high customer support requirements.,A,f,f,f,f,f,f
Difficulty in winning business over competitors impacts market share and profitability.,B,g,g,g,g,g,g
"Maintaining competitive pricing, innovation, and market share is challenging for smaller companies.",B,g,g,g,g,g,g
Competitive pricing pressures affect profit margins.,B,g,g,g,g,g,g
Rapid technological changes necessitate continuous investment in research and development.,B,f,f,f,f,f,f
Delays in new package and test technologies can result in lost market share.,C,f,f,f,f,f,f
Increased competition in semiconductor packaging and test services market.,C,g,g,g,g,g,g
Industry consolidation increases pricing pressures and potential revenue decline.,C,f,f,f,f,f,f
Cyclical nature of the semiconductor industry leads to demand and inventory fluctuations.,D,g,g,g,g,g,g
Significant industry consolidation could change the competitive landscape.,D,f,f,f,f,f,f
Risk of inventory obsolescence due to rapid technological advancements.,D,g,g,g,g,g,g
Mergers and acquisitions among customers or competitors change market dynamics.,D,f,f,f,f,f,f
Dramatic demand changes due to the industry's cyclical nature.,D,g,g,g,g,g,g
